{"frameRate":30,"textureGroups":[{"scaleFactor":1,"atlases":[{"textures":[{"symbol":"bg_01","origin":[990,742.5],"rect":[1,1,1980,1485]},{"symbol":"fish_lvl1_10","origin":[16,15.5],"rect":[1983,1,34,31]},{"symbol":"fish_lvl1_9","origin":[16,15.5],"rect":[1983,34,34,31]},{"symbol":"fish_lvl1_4","origin":[16,15],"rect":[1983,67,35,30]},{"symbol":"fish_lvl1_3","origin":[16,15.5],"rect":[1983,99,33,31]},{"symbol":"fish_lvl1_1","origin":[16,15.5],"rect":[1983,132,32,31]},{"symbol":"fish_lvl1_2","origin":[16,15.5],"rect":[1983,165,32,31]},{"symbol":"fish_lvl1_5","origin":[16,15],"rect":[1983,198,33,30]},{"symbol":"fish_lvl1_8","origin":[16,15],"rect":[1983,230,32,30]},{"symbol":"fish_lvl1_7","origin":[16,15],"rect":[1983,262,31,30]},{"symbol":"fish_lvl1_6","origin":[16,15],"rect":[2016,262,31,30]},{"symbol":"eat_06","origin":[10,7],"rect":[2017,230,20,14]},{"symbol":"eat_05","origin":[9.5,7],"rect":[2017,246,19,14]},{"symbol":"eat_07","origin":[9.5,7],"rect":[2019,1,19,14]},{"symbol":"eat_08","origin":[8.5,7],"rect":[2019,17,17,14]},{"symbol":"eat_04","origin":[9,6.5],"rect":[2019,33,18,13]},{"symbol":"eat_01","origin":[10.5,5.5],"rect":[2019,48,21,11]},{"symbol":"eat_09","origin":[9.5,6],"rect":[2017,132,19,12]},{"symbol":"eat_10","origin":[10,5.5],"rect":[2018,99,20,11]},{"symbol":"eat_03","origin":[9,6],"rect":[2018,112,18,12]},{"symbol":"eat_02","origin":[9.5,5.5],"rect":[2020,61,19,11]}],"file":"atlas0.png"}]}],"movies":[{"id":"Eat_lvl1","layers":[{"keyframes":[{"ref":"eat_01","duration":1,"scale":[4.2857,4.088],"pivot":[10.5,5.5],"index":0,"tweened":false},{"ref":"eat_02","duration":1,"scale":[4.0895,4.0909],"pivot":[9.5,5.5],"index":1,"tweened":false},{"ref":"eat_03","duration":1,"scale":[3.75,3.75],"pivot":[9,6],"index":2,"tweened":false},{"ref":"eat_04","duration":1,"scale":[3.4611,3.4615],"pivot":[9,6.5],"index":3,"tweened":false},{"ref":"eat_05","duration":1,"scale":[3.2132,3.2143],"pivot":[9.5,7],"index":4,"tweened":false},{"tweened":false,"ref":"eat_06","duration":1,"loc":[-0.05,0],"pivot":[10,7],"index":5,"scale":[3.2125,3.2143]},{"ref":"eat_07","duration":1,"scale":[3.2132,3.2143],"pivot":[9.5,7],"index":6,"tweened":false},{"ref":"eat_08","duration":1,"scale":[3.2118,3.2143],"pivot":[8.5,7],"index":7,"tweened":false},{"tweened":false,"ref":"eat_09","duration":1,"loc":[-0.05,0],"pivot":[9.5,6],"index":8,"scale":[3.75,3.75]},{"ref":"eat_10","duration":1,"scale":[4.09,4.0909],"pivot":[10,5.5],"index":9,"tweened":false}],"name":"Calque 1"}]},{"id":"Fish_lvl1","layers":[{"keyframes":[{"ref":"fish_lvl1_1","duration":1,"scale":[3,3],"pivot":[16,15.5],"index":0,"tweened":false},{"ref":"fish_lvl1_2","duration":1,"scale":[3,3],"pivot":[16,15.5],"index":1,"tweened":false},{"ref":"fish_lvl1_3","duration":1,"scale":[2.9091,2.9081],"pivot":[16,15.5],"index":2,"tweened":false},{"ref":"fish_lvl1_4","duration":1,"scale":[3,3],"pivot":[16,15],"index":3,"tweened":false},{"ref":"fish_lvl1_5","duration":1,"scale":[3,3],"pivot":[16,15],"index":4,"tweened":false},{"ref":"fish_lvl1_6","duration":1,"scale":[3,3],"pivot":[16,15],"index":5,"tweened":false},{"ref":"fish_lvl1_7","duration":1,"scale":[3,3],"pivot":[16,15],"index":6,"tweened":false},{"ref":"fish_lvl1_8","duration":1,"scale":[3,3],"pivot":[16,15],"index":7,"tweened":false},{"tweened":false,"ref":"fish_lvl1_9","duration":1,"loc":[0,-0.05],"pivot":[16,15.5],"index":8,"scale":[3,3]},{"ref":"fish_lvl1_10","duration":1,"scale":[3,3],"pivot":[16,15.5],"index":9,"tweened":false}],"name":"Calque 1"}]},{"id":"LevelBackground_1","layers":[{"keyframes":[{"pivot":[990,742.5],"ref":"bg_01","index":0,"duration":1,"tweened":false}],"name":"Calque 1"}]}],"md5":"05a23724d7846b2023e6f74e5aef3d98","isNamespaced":false}